"Campaign","Ad group","Ad type","Status","Final URL","Path 1","Path 2","Headline 1","Headline 2","Headline 3","Headline 4","Headline 5","Headline 6","Headline 7","Headline 8","Headline 9","Headline 10","Headline 11","Headline 12","Headline 13","Headline 14","Headline 15","Description 1","Description 2","Description 3","Description 4"
"退職リリーフ｜初期検証","AG01_サポート比較","Responsive search ad","Enabled","https://taishoku-relief.com/?utm_source=google&utm_medium=cpc&utm_campaign=taishoku_relief_initial&utm_content=support_compare&utm_term=rsa","taishoku","shindan","失業保険サポートを比較中の方へ","サポート内容と料金を確認","失業保険の手続きで迷ったら","退職給付金の相談先を確認","LINEで案内内容を確認","退職後に受け取れるお金を確認","LINEで今の状況を確認","退職前後の制度を整理","受給額と期間は条件で異なる","給付の可否は行政審査で決定","契約前に料金と条件を確認","必要な手続きの順番を整理","退職リリーフで無料確認","本人が申請する公的制度","制度の対象になるかを確認","失業保険サポートを比較中の方へ。LINEで状況を確認し、サポート内容と料金を見てから判断できます。","退職後に対象になり得る制度と手続きの順番を整理。受給の可否・金額・期間は条件で異なります。","申請はご本人が行う公的な手続きです。給付の可否は行政機関が決定します。","契約前に費用・返金条件・支援範囲を確認できます。"
"退職リリーフ｜初期検証","AG02_退職給付金_金額","Responsive search ad","Enabled","https://taishoku-relief.com/?utm_source=google&utm_medium=cpc&utm_campaign=taishoku_relief_initial&utm_content=amount_query&utm_term=rsa","taishoku","shindan","退職給付金200万円を調べた方へ","退職給付金300万円を調べた方へ","退職給付金の受給額を確認","最大額ではなく条件を確認","退職後のお金を無料で確認","退職後に受け取れるお金を確認","LINEで今の状況を確認","退職前後の制度を整理","受給額と期間は条件で異なる","給付の可否は行政審査で決定","契約前に料金と条件を確認","必要な手続きの順番を整理","退職リリーフで無料確認","本人が申請する公的制度","制度の対象になるかを確認","退職給付金の金額を調べている方へ。対象になり得る制度と受給額の目安をLINEで無料確認します。","受給額・期間は給与、加入期間、退職理由、就労状況などで異なります。給付の可否は行政審査で決まります。","誰でも一律に受け取れる給付ではありません。自分の状況で確認する制度を整理できます。","案内内容と契約条件を確認してから、利用するかを判断できます。"
"退職リリーフ｜初期検証","AG03_自己都合_開始時期","Responsive search ad","Enabled","https://taishoku-relief.com/?utm_source=google&utm_medium=cpc&utm_campaign=taishoku_relief_initial&utm_content=self_reason_timing&utm_term=rsa","taishoku","shindan","自己都合退職後のお金を確認","失業保険はいつから？","待機期間と手順を確認","自己都合でも制度を確認","退職前に確認したい手続き","退職後に受け取れるお金を確認","LINEで今の状況を確認","退職前後の制度を整理","受給額と期間は条件で異なる","給付の可否は行政審査で決定","契約前に料金と条件を確認","必要な手続きの順番を整理","退職リリーフで無料確認","本人が申請する公的制度","制度の対象になるかを確認","自己都合退職の開始時期・待機期間・必要な手続きを、LINEで無料確認。給付の可否は行政機関が決定します。","退職前・退職直後の状況から、確認する制度と手続きの順番を整理。受給額と期間は条件により異なります。","退職後のお金が不安な方へ。LINEで状況を確認し、案内内容を見てから次を判断できます。","失業手当など対象になり得る制度を確認。申請と審査はご本人・公的機関で行います。"
"退職リリーフ｜初期検証","AG04_解雇会社都合","Responsive search ad","Enabled","https://taishoku-relief.com/?utm_source=google&utm_medium=cpc&utm_campaign=taishoku_relief_initial&utm_content=dismissal_company_reason&utm_term=rsa","taishoku","shindan","解雇後の失業保険を確認","会社都合の手続きを確認","失業保険はいつから？","給付日数は条件で異なります","離職理由と必要書類を確認","退職後に受け取れるお金を確認","LINEで今の状況を確認","退職前後の制度を整理","受給額と期間は条件で異なる","給付の可否は行政審査で決定","契約前に料金と条件を確認","必要な手続きの順番を整理","退職リリーフで無料確認","本人が申請する公的制度","制度の対象になるかを確認","解雇・会社都合で退職した方へ。離職理由、必要書類、退職後の手続きをLINEで整理できます。","受給の可否、金額、日数は離職理由や加入期間などの条件により異なり、行政機関が決定します。","離職票の内容に応じて、確認する制度と手続きの順番を案内します。","会社都合への変更や給付の増額を約束するサービスではありません。"
"退職リリーフ｜初期検証","AG05_雇止め契約満了","Responsive search ad","Enabled","https://taishoku-relief.com/?utm_source=google&utm_medium=cpc&utm_campaign=taishoku_relief_initial&utm_content=contract_end&utm_term=rsa","taishoku","shindan","雇止め後の制度を確認","契約満了後の手続きを確認","派遣の契約満了で迷ったら","契約社員の退職後を確認","離職理由と必要書類を確認","退職後に受け取れるお金を確認","LINEで今の状況を確認","退職前後の制度を整理","受給額と期間は条件で異なる","給付の可否は行政審査で決定","契約前に料金と条件を確認","必要な手続きの順番を整理","退職リリーフで無料確認","本人が申請する公的制度","制度の対象になるかを確認","雇止め・契約満了で退職した方へ。雇用形態や更新状況に応じて確認する制度を整理します。","受給の可否・開始時期・日数は、加入期間や離職理由などの条件で異なります。","退職後の手続きと必要書類をLINEで確認。給付の可否は行政機関が決定します。","まずは案内内容と契約条件を確認してから利用を判断できます。"
"退職リリーフ｜初期検証","AG06_退職勧奨倒産","Responsive search ad","Enabled","https://taishoku-relief.com/?utm_source=google&utm_medium=cpc&utm_campaign=taishoku_relief_initial&utm_content=retirement_recommendation&utm_term=rsa","taishoku","shindan","退職勧奨後の手続きを確認","倒産・閉鎖後の制度を確認","退職理由を確認したい方へ","離職票の記載を確認","退職後のお金の不安を整理","退職後に受け取れるお金を確認","LINEで今の状況を確認","退職前後の制度を整理","受給額と期間は条件で異なる","給付の可否は行政審査で決定","契約前に料金と条件を確認","必要な手続きの順番を整理","退職リリーフで無料確認","本人が申請する公的制度","制度の対象になるかを確認","退職勧奨、倒産、事業所閉鎖による退職後に、確認する制度と手続きの順番を整理します。","離職理由の最終判断、受給の可否・金額・日数はハローワーク等の行政機関が決定します。","会社との紛争解決や離職理由の変更を約束するサービスではありません。","LINEで状況を確認し、案内内容と契約条件を見てから判断できます。"
"退職リリーフ｜初期検証","AG07_離職票手続き","Responsive search ad","Enabled","https://taishoku-relief.com/?utm_source=google&utm_medium=cpc&utm_campaign=taishoku_relief_initial&utm_content=separation_notice&utm_term=rsa","taishoku","shindan","離職票が届かない方へ","離職票と失業保険を確認","退職後の手続きを整理","離職票の到着時期を確認","必要書類を先に確認","退職後に受け取れるお金を確認","LINEで今の状況を確認","退職前後の制度を整理","受給額と期間は条件で異なる","給付の可否は行政審査で決定","契約前に料金と条件を確認","必要な手続きの順番を整理","退職リリーフで無料確認","本人が申請する公的制度","制度の対象になるかを確認","離職票の到着、退職後の申請、必要書類で迷う方へ。今の状況から手順を整理します。","離職票の未着や記載内容の最終的な対応は、会社や管轄のハローワークへ確認が必要です。","受給の可否・金額・期間は条件で異なり、行政機関が決定します。","LINEで案内内容を確認し、必要な手続きを把握してから次を判断できます。"
"退職リリーフ｜初期検証","AG08_休職体調","Responsive search ad","Enabled","https://taishoku-relief.com/?utm_source=google&utm_medium=cpc&utm_campaign=taishoku_relief_initial&utm_content=leave_health&utm_term=rsa","taishoku","shindan","休職満了後の制度を確認","体調不良で退職を考える方へ","復職が難しい場合の手続き","休職後の退職前に確認","現在の状況から制度を整理","退職後に受け取れるお金を確認","LINEで今の状況を確認","退職前後の制度を整理","受給額と期間は条件で異なる","給付の可否は行政審査で決定","契約前に料金と条件を確認","必要な手続きの順番を整理","退職リリーフで無料確認","本人が申請する公的制度","制度の対象になるかを確認","休職満了・体調不良で退職を考える方へ。退職前後に確認する制度と手続きの順番を整理します。","受給の可否・開始時期は就労状況、加入状況などの条件で異なり、行政機関が決定します。","医療機関の受診や診断取得を案内する広告ではありません。LINEで現在の状況を確認できます。","案内内容と契約条件を確認してから、利用するかを判断できます。"
"退職リリーフ｜初期検証","AG09_生活事情","Responsive search ad","Enabled","https://taishoku-relief.com/?utm_source=google&utm_medium=cpc&utm_campaign=taishoku_relief_initial&utm_content=life_event&utm_term=rsa","taishoku","shindan","介護で退職を考える方へ","配偶者転勤後の制度を確認","育児と退職後の手続きを確認","会社移転後の制度を確認","通勤困難で退職を考える方へ","退職後に受け取れるお金を確認","LINEで今の状況を確認","退職前後の制度を整理","受給額と期間は条件で異なる","給付の可否は行政審査で決定","契約前に料金と条件を確認","必要な手続きの順番を整理","退職リリーフで無料確認","本人が申請する公的制度","制度の対象になるかを確認","介護・育児・転居などの事情で退職を考える方へ。確認する制度と手続きの順番を整理します。","受給の可否・開始時期・期間は、離職理由や就労状況などの個別条件で異なります。","給付の可否は行政機関が決定します。LINEで現在の状況を確認できます。","案内内容と契約条件を確認してから、利用するかを判断できます。"
