"Campaign","Ad group","Keyword","Criterion Type","Status"
"退職リリーフ｜初期検証","AG01_サポート比較","200万","Negative Phrase","Enabled"
"退職リリーフ｜初期検証","AG01_サポート比較","300万","Negative Phrase","Enabled"
"退職リリーフ｜初期検証","AG01_サポート比較","最大","Negative Phrase","Enabled"
"退職リリーフ｜初期検証","AG01_サポート比較","いくら","Negative Phrase","Enabled"
"退職リリーフ｜初期検証","AG01_サポート比較","自己都合","Negative Phrase","Enabled"
"退職リリーフ｜初期検証","AG01_サポート比較","解雇","Negative Phrase","Enabled"
"退職リリーフ｜初期検証","AG01_サポート比較","会社都合","Negative Phrase","Enabled"
"退職リリーフ｜初期検証","AG01_サポート比較","雇止め","Negative Phrase","Enabled"
"退職リリーフ｜初期検証","AG01_サポート比較","契約満了","Negative Phrase","Enabled"
"退職リリーフ｜初期検証","AG01_サポート比較","退職勧奨","Negative Phrase","Enabled"
"退職リリーフ｜初期検証","AG01_サポート比較","倒産","Negative Phrase","Enabled"
"退職リリーフ｜初期検証","AG01_サポート比較","事業所閉鎖","Negative Phrase","Enabled"
"退職リリーフ｜初期検証","AG01_サポート比較","離職票","Negative Phrase","Enabled"
"退職リリーフ｜初期検証","AG01_サポート比較","休職満了","Negative Phrase","Enabled"
"退職リリーフ｜初期検証","AG01_サポート比較","体調不良","Negative Phrase","Enabled"
"退職リリーフ｜初期検証","AG01_サポート比較","介護","Negative Phrase","Enabled"
"退職リリーフ｜初期検証","AG01_サポート比較","育児","Negative Phrase","Enabled"
"退職リリーフ｜初期検証","AG01_サポート比較","配偶者転勤","Negative Phrase","Enabled"
"退職リリーフ｜初期検証","AG01_サポート比較","通勤困難","Negative Phrase","Enabled"
"退職リリーフ｜初期検証","AG01_サポート比較","会社移転","Negative Phrase","Enabled"
"退職リリーフ｜初期検証","AG02_退職給付金_金額","サポート","Negative Phrase","Enabled"
"退職リリーフ｜初期検証","AG02_退職給付金_金額","料金","Negative Phrase","Enabled"
"退職リリーフ｜初期検証","AG02_退職給付金_金額","比較","Negative Phrase","Enabled"
"退職リリーフ｜初期検証","AG02_退職給付金_金額","自己都合","Negative Phrase","Enabled"
"退職リリーフ｜初期検証","AG02_退職給付金_金額","解雇","Negative Phrase","Enabled"
"退職リリーフ｜初期検証","AG02_退職給付金_金額","会社都合","Negative Phrase","Enabled"
"退職リリーフ｜初期検証","AG02_退職給付金_金額","雇止め","Negative Phrase","Enabled"
"退職リリーフ｜初期検証","AG02_退職給付金_金額","契約満了","Negative Phrase","Enabled"
"退職リリーフ｜初期検証","AG02_退職給付金_金額","退職勧奨","Negative Phrase","Enabled"
"退職リリーフ｜初期検証","AG02_退職給付金_金額","倒産","Negative Phrase","Enabled"
"退職リリーフ｜初期検証","AG02_退職給付金_金額","離職票","Negative Phrase","Enabled"
"退職リリーフ｜初期検証","AG02_退職給付金_金額","休職満了","Negative Phrase","Enabled"
"退職リリーフ｜初期検証","AG02_退職給付金_金額","介護","Negative Phrase","Enabled"
"退職リリーフ｜初期検証","AG02_退職給付金_金額","育児","Negative Phrase","Enabled"
"退職リリーフ｜初期検証","AG02_退職給付金_金額","配偶者転勤","Negative Phrase","Enabled"
"退職リリーフ｜初期検証","AG03_自己都合_開始時期","サポート","Negative Phrase","Enabled"
"退職リリーフ｜初期検証","AG03_自己都合_開始時期","料金","Negative Phrase","Enabled"
"退職リリーフ｜初期検証","AG03_自己都合_開始時期","200万","Negative Phrase","Enabled"
"退職リリーフ｜初期検証","AG03_自己都合_開始時期","300万","Negative Phrase","Enabled"
"退職リリーフ｜初期検証","AG03_自己都合_開始時期","最大","Negative Phrase","Enabled"
"退職リリーフ｜初期検証","AG03_自己都合_開始時期","解雇","Negative Phrase","Enabled"
"退職リリーフ｜初期検証","AG03_自己都合_開始時期","会社都合","Negative Phrase","Enabled"
"退職リリーフ｜初期検証","AG03_自己都合_開始時期","雇止め","Negative Phrase","Enabled"
"退職リリーフ｜初期検証","AG03_自己都合_開始時期","契約満了","Negative Phrase","Enabled"
"退職リリーフ｜初期検証","AG03_自己都合_開始時期","退職勧奨","Negative Phrase","Enabled"
"退職リリーフ｜初期検証","AG03_自己都合_開始時期","倒産","Negative Phrase","Enabled"
"退職リリーフ｜初期検証","AG03_自己都合_開始時期","離職票","Negative Phrase","Enabled"
"退職リリーフ｜初期検証","AG03_自己都合_開始時期","休職満了","Negative Phrase","Enabled"
"退職リリーフ｜初期検証","AG03_自己都合_開始時期","介護","Negative Phrase","Enabled"
"退職リリーフ｜初期検証","AG03_自己都合_開始時期","育児","Negative Phrase","Enabled"
"退職リリーフ｜初期検証","AG03_自己都合_開始時期","配偶者転勤","Negative Phrase","Enabled"
"退職リリーフ｜初期検証","AG04_解雇会社都合","自己都合","Negative Phrase","Enabled"
"退職リリーフ｜初期検証","AG04_解雇会社都合","雇止め","Negative Phrase","Enabled"
"退職リリーフ｜初期検証","AG04_解雇会社都合","契約満了","Negative Phrase","Enabled"
"退職リリーフ｜初期検証","AG04_解雇会社都合","退職勧奨","Negative Phrase","Enabled"
"退職リリーフ｜初期検証","AG04_解雇会社都合","倒産","Negative Phrase","Enabled"
"退職リリーフ｜初期検証","AG04_解雇会社都合","事業所閉鎖","Negative Phrase","Enabled"
"退職リリーフ｜初期検証","AG04_解雇会社都合","離職票","Negative Phrase","Enabled"
"退職リリーフ｜初期検証","AG04_解雇会社都合","休職満了","Negative Phrase","Enabled"
"退職リリーフ｜初期検証","AG04_解雇会社都合","体調不良","Negative Phrase","Enabled"
"退職リリーフ｜初期検証","AG04_解雇会社都合","介護","Negative Phrase","Enabled"
"退職リリーフ｜初期検証","AG04_解雇会社都合","育児","Negative Phrase","Enabled"
"退職リリーフ｜初期検証","AG04_解雇会社都合","配偶者転勤","Negative Phrase","Enabled"
"退職リリーフ｜初期検証","AG05_雇止め契約満了","自己都合","Negative Phrase","Enabled"
"退職リリーフ｜初期検証","AG05_雇止め契約満了","解雇","Negative Phrase","Enabled"
"退職リリーフ｜初期検証","AG05_雇止め契約満了","会社都合","Negative Phrase","Enabled"
"退職リリーフ｜初期検証","AG05_雇止め契約満了","退職勧奨","Negative Phrase","Enabled"
"退職リリーフ｜初期検証","AG05_雇止め契約満了","倒産","Negative Phrase","Enabled"
"退職リリーフ｜初期検証","AG05_雇止め契約満了","事業所閉鎖","Negative Phrase","Enabled"
"退職リリーフ｜初期検証","AG05_雇止め契約満了","離職票","Negative Phrase","Enabled"
"退職リリーフ｜初期検証","AG05_雇止め契約満了","休職満了","Negative Phrase","Enabled"
"退職リリーフ｜初期検証","AG05_雇止め契約満了","介護","Negative Phrase","Enabled"
"退職リリーフ｜初期検証","AG05_雇止め契約満了","育児","Negative Phrase","Enabled"
"退職リリーフ｜初期検証","AG05_雇止め契約満了","配偶者転勤","Negative Phrase","Enabled"
"退職リリーフ｜初期検証","AG06_退職勧奨倒産","自己都合","Negative Phrase","Enabled"
"退職リリーフ｜初期検証","AG06_退職勧奨倒産","解雇","Negative Phrase","Enabled"
"退職リリーフ｜初期検証","AG06_退職勧奨倒産","会社都合","Negative Phrase","Enabled"
"退職リリーフ｜初期検証","AG06_退職勧奨倒産","雇止め","Negative Phrase","Enabled"
"退職リリーフ｜初期検証","AG06_退職勧奨倒産","契約満了","Negative Phrase","Enabled"
"退職リリーフ｜初期検証","AG06_退職勧奨倒産","離職票","Negative Phrase","Enabled"
"退職リリーフ｜初期検証","AG06_退職勧奨倒産","休職満了","Negative Phrase","Enabled"
"退職リリーフ｜初期検証","AG06_退職勧奨倒産","体調不良","Negative Phrase","Enabled"
"退職リリーフ｜初期検証","AG06_退職勧奨倒産","介護","Negative Phrase","Enabled"
"退職リリーフ｜初期検証","AG06_退職勧奨倒産","育児","Negative Phrase","Enabled"
"退職リリーフ｜初期検証","AG06_退職勧奨倒産","配偶者転勤","Negative Phrase","Enabled"
"退職リリーフ｜初期検証","AG07_離職票手続き","自己都合","Negative Phrase","Enabled"
"退職リリーフ｜初期検証","AG07_離職票手続き","解雇","Negative Phrase","Enabled"
"退職リリーフ｜初期検証","AG07_離職票手続き","会社都合","Negative Phrase","Enabled"
"退職リリーフ｜初期検証","AG07_離職票手続き","雇止め","Negative Phrase","Enabled"
"退職リリーフ｜初期検証","AG07_離職票手続き","契約満了","Negative Phrase","Enabled"
"退職リリーフ｜初期検証","AG07_離職票手続き","退職勧奨","Negative Phrase","Enabled"
"退職リリーフ｜初期検証","AG07_離職票手続き","倒産","Negative Phrase","Enabled"
"退職リリーフ｜初期検証","AG07_離職票手続き","休職満了","Negative Phrase","Enabled"
"退職リリーフ｜初期検証","AG07_離職票手続き","体調不良","Negative Phrase","Enabled"
"退職リリーフ｜初期検証","AG07_離職票手続き","介護","Negative Phrase","Enabled"
"退職リリーフ｜初期検証","AG07_離職票手続き","育児","Negative Phrase","Enabled"
"退職リリーフ｜初期検証","AG07_離職票手続き","配偶者転勤","Negative Phrase","Enabled"
"退職リリーフ｜初期検証","AG08_休職体調","自己都合","Negative Phrase","Enabled"
"退職リリーフ｜初期検証","AG08_休職体調","解雇","Negative Phrase","Enabled"
"退職リリーフ｜初期検証","AG08_休職体調","会社都合","Negative Phrase","Enabled"
"退職リリーフ｜初期検証","AG08_休職体調","雇止め","Negative Phrase","Enabled"
"退職リリーフ｜初期検証","AG08_休職体調","契約満了","Negative Phrase","Enabled"
"退職リリーフ｜初期検証","AG08_休職体調","退職勧奨","Negative Phrase","Enabled"
"退職リリーフ｜初期検証","AG08_休職体調","倒産","Negative Phrase","Enabled"
"退職リリーフ｜初期検証","AG08_休職体調","離職票","Negative Phrase","Enabled"
"退職リリーフ｜初期検証","AG08_休職体調","介護","Negative Phrase","Enabled"
"退職リリーフ｜初期検証","AG08_休職体調","育児","Negative Phrase","Enabled"
"退職リリーフ｜初期検証","AG08_休職体調","配偶者転勤","Negative Phrase","Enabled"
"退職リリーフ｜初期検証","AG09_生活事情","自己都合","Negative Phrase","Enabled"
"退職リリーフ｜初期検証","AG09_生活事情","解雇","Negative Phrase","Enabled"
"退職リリーフ｜初期検証","AG09_生活事情","会社都合","Negative Phrase","Enabled"
"退職リリーフ｜初期検証","AG09_生活事情","雇止め","Negative Phrase","Enabled"
"退職リリーフ｜初期検証","AG09_生活事情","契約満了","Negative Phrase","Enabled"
"退職リリーフ｜初期検証","AG09_生活事情","退職勧奨","Negative Phrase","Enabled"
"退職リリーフ｜初期検証","AG09_生活事情","倒産","Negative Phrase","Enabled"
"退職リリーフ｜初期検証","AG09_生活事情","離職票","Negative Phrase","Enabled"
"退職リリーフ｜初期検証","AG09_生活事情","休職満了","Negative Phrase","Enabled"
"退職リリーフ｜初期検証","AG09_生活事情","体調不良","Negative Phrase","Enabled"
