url,http_status,html_bytes,title,h1_or_primary_heading,h2_or_section_examples,forms,line_or_primary_cta,observed_on
https://taishoku-relief.com/,200,81334,退職リリーフ - 退職給付金(社会保険給付金)の無料診断・申請サポート,退職後のお金の不安に受け取れる給付金があります,悩み・制度・セルフチェック・サポート・比較・声・流れ・FAQ,0,https://lin.ee/GjxwUdS,2026-07-30
https://shitsugyouhoken-support.com/,200,33561,失業保険サポート,,無料WEB説明会・悩み・解決・受給の流れ・金額・FAQ,0,無料WEB説明会,2026-07-30
https://mirai-taishoku.com/,200,376341,【全国対応】業界最安25,000円の退職給付申請サポート,,制度・金額・自己申請の失敗・料金比較・受給までの流れ,1,LINE複数導線,2026-07-30
https://www.taishoku-concierge.jp/kyufukin-support/,200,216170,【最大28ヶ月分】退職後の生活費をプロが確保！社会保険給付金サポート,,悩み・声・メリット・受給手続・流れ,0,LINE複数導線,2026-07-30
https://yorimichi-ks.com/,200,17368,よりみち給付金サポート | 退職する前に。失業保険の受給を専門家がサポート,,,0,LINE導線,2026-07-30
https://r-support.work/,200,71125,退職給付金申請サポート | 退職後に社会保険給付金で安定した生活を,失業保険 申請 サポート,"相談件数・悩み・制度・給付額例・自己申請の失敗・サポート・適用条件・比較・声",0,LINE無料相談,2026-07-30
https://pif-yell.jp/,200,112474,YELL!!｜給付金サポート,退職給付金申請サポートとは,"退職後の不安・制度・声・5STEP・無料診断・FAQ・会社概要",1,LINE相談,2026-07-30
https://jlsa-or.jp/,200,7776,日本生活支援協会【公式】退職給付金サポート｜失業保険・傷病手当金の受給サポート,,,0,静的HTML抽出ではCTA未記録,2026-07-30
https://taishoku-support.com/,200,107059,【弁護士監修】相談実績2万件|全国退職者支援会,退職でお悩みの方へ,"お知らせ・給付金解説・相談できること・事例・運営",3,LINE・メール・申込み,2026-07-30
